0	1	2	3
1607707765687	0.2346595227718353	0.12140510231256485	-0.10306169092655182
1607707765707	0.25968754291534424	0.13648474216461182	-0.09222319722175598
1607707765727	0.2848900854587555	0.13838715851306915	-0.08101818710565567
1607707765748	0.3137054741382599	0.1293463557958603	-0.06965608894824983
1607707765767	0.3347017765045166	0.12081169337034225	-0.05466371029615402
1607707765787	0.3502352237701416	0.11199777573347093	-0.04042182490229607
1607707765807	0.3653497695922852	0.09498082101345062	-0.029618237167596817
1607707765828	0.3760486245155335	0.08908160775899887	-0.010821041651070118
1607707765847	0.3890862464904785	0.08744099736213684	0.01665044017136097
1607707765867	0.3943222463130951	0.07475244998931885	0.05024803057312965
1607707765887	0.3921580314636231	0.05625196173787117	0.08375835418701172
1607707765908	0.3978303372859955	0.03951425477862358	0.1117708832025528
1607707765927	0.3926990926265717	0.0223227608948946	0.12606513500213626
1607707765947	0.3828728795051575	0.011815878562629223	0.13775883615016934
1607707765968	0.3765024244785309	0.015707964077591896	0.14844025671482086
1607707765988	0.35533156991004944	0.039828412234783166	0.1437278687953949
1607707766007	0.3395189046859741	0.06522295624017715	0.1388583928346634
1607707766028	0.316288560628891	0.08833111077547072	0.1342332661151886
1607707766048	0.2927789688110352	0.1140921711921692	0.13056808710098267
1607707766067	0.2668957412242889	0.12599532306194305	0.11995647847652435
1607707766087	0.23200660943984985	0.14039428532123566	0.10035642981529236
1607707766107	0.20587903261184687	0.13934709131717682	0.0988030880689621
1607707766127	0.18191567063331604	0.1278628259897232	0.10763445496559143
1607707766147	0.1644449234008789	0.1077217236161232	0.106587253510952
1607707766168	0.14741051197052002	0.07269296050071716	0.09662142395973206
1607707766188	0.12332496792078018	0.028763025999069214	0.08902924507856369
1607707766207	0.09142034500837326	-0.013124875724315643	0.08396779000759125
1607707766227	0.05314527451992035	-0.035901423543691635	0.07365289330482483
1607707766248	0.012252211570739746	-0.04167846217751503	0.0651007816195488
1607707766268	-0.053407076746225364	0.02796017378568649	0.09082693606615068
1607707766288	-0.0817861258983612	0.0051312679424881935	0.09745918214321136
1607707766308	-0.1036900132894516	-0.027401668950915337	0.09152506291866302
1607707766328	-0.12945106625556946	-0.02188642881810665	0.0745953693985939
1607707766348	-0.17210692167282104	0.0377340167760849	0.06054547056555747
1607707766368	-0.2214997410774231	0.12807226181030273	0.04143411666154862
1607707766387	-0.2615724802017212	0.1895078420639038	0.017121680080890656
1607707766407	-0.28523916006088257	0.19538961350917816	-0.004485496319830418
1607707766427	-0.3076840937137604	0.1866455078125	-0.015917403623461723
1607707766447	-0.3290469348430633	0.1880417764186859	-0.02584832534193993
1607707766468	-0.34927529096603394	0.17182765901088715	-0.035901423543691635
1607707766488	-0.3612656891345978	0.15083135664463046	-0.04986405745148659
1607707766507	-0.3665191531181336	0.16550956666469574	-0.07099999487400055
1607707766527	-0.3916344344615936	0.1978330761194229	-0.10306169092655182
1607707766548	-0.3972369432449341	0.2209063172340393	-0.14704398810863495
1607707766568	-0.39009854197502136	0.20929987728595734	-0.1981472223997116
1607707766588	-0.3788760602474213	0.18165387213230133	-0.2271022349596024
1607707766608	-0.3740938603878021	0.14563027024269104	-0.23083724081516266
1607707766627	-0.3799058198928833	0.12048007547855374	-0.21382027864456174
1607707766647	-0.37747982144355774	0.10924015939235687	-0.19408060610294345
1607707766668	-0.3777765035629273	0.08232717961072923	-0.18702948093414307
1607707766688	-0.3572514355182648	0.018570303916931152	-0.17462019622325894
1607707766707	-0.3367263674736023	-0.04162610322237015	-0.1644449234008789
1607707766727	-0.3200235664844513	-0.06321582198143005	-0.1664520502090454
1607707766748	-0.30757936835289	-0.06059783324599266	-0.17153096199035645
1607707766768	-0.3062005639076233	-0.045378562062978745	-0.1598372459411621
1607707766788	-0.3092897832393646	-0.03291691094636917	-0.12941616773605347
1607707766808	-0.3200235664844513	-0.04483750835061073	-0.09096655994653703
1607707766827	-0.3221528828144073	-0.10232865065336227	0.008831365965306759
1607707766847	-0.3078411817550659	-0.1589471399784088	0.05117305368185043
1607707766869	-0.29019588232040405	-0.2028421610593796	0.0650833249092102
1607707766888	-0.2627767622470856	-0.22582815587520602	0.06227334588766097
1607707766907	-0.24003513157367706	-0.21760764718055725	0.037053339183330536
1607707766927	-0.2064899057149887	-0.2166302651166916	0.007295476272702217
1607707766947	-0.1763131618499756	-0.2304358184337616	-0.012601276859641077
1607707766968	-0.1348266899585724	-0.27120670676231384	-0.027454029768705368
1607707766988	-0.07129669934511185	-0.3662748038768768	-0.04340633749961853
1607707767008	-0.0073827425949275485	-0.4895299375057221	-0.03755948692560196
1607707767027	0.033719759434461594	-0.4953069984912872	-0.02125811018049717
1607707767047	0.06311110407114029	-0.42697733640670776	-0.00017453292093705386
1607707767069	0.09164723753929138	-0.3232000768184662	0.03920009359717369
1607707767088	0.1223999410867691	-0.20867156982421875	0.07335618883371353
1607707767108	0.15598008036613464	-0.09773843735456468	0.08810421824455261
1607707767127	0.1938362717628479	-0.002164208330214024	0.09231046587228776
1607707767147	0.244380995631218	0.06028367206454278	0.09913469851016997
1607707767171	0.2899689972400665	0.10620328783988953	0.10302678495645523
1607707767187	0.3285931348800659	0.1414589285850525	0.11719886213541032
1607707767208	0.35878732800483704	0.20572195947170255	0.14220942556858066
1607707767227	0.3770783841609955	0.27408650517463684	0.15360642969608307
1607707767247	0.4030838012695313	0.3447548747062683	0.1511804163455963
1607707767270	0.436087965965271	0.3950552642345429	0.14323917031288147
1607707767288	0.4668755829334259	0.4386012256145477	0.14147639274597168
1607707767308	0.4758989214897156	0.4603305757045746	0.14184290170669556
1607707767327	0.4953593611717224	0.4894775748252869	0.1448448747396469
1607707767347	0.5166348814964294	0.5050459504127502	0.14498449862003324
1607707767368	0.5414884090423584	0.4898091852664948	0.143431156873703
1607707767388	0.5714033246040344	0.4543964564800263	0.13650220632553098
1607707767408	0.6127676367759705	0.4023158550262451	0.1247037723660469
1607707767427	0.6674662828445435	0.3592760264873505	0.1166578084230423
1607707767447	0.6890210509300232	0.3231651484966278	0.11159635335206984
1607707767469	0.7171906828880309	0.3159918487071991	0.11772245913743973
1607707767488	0.7172954082489014	0.3061482012271881	0.12892746925354004
1607707767508	0.7229153513908386	0.2945941090583801	0.15002849698066711
1607707767528	0.7228280901908875	0.2864434421062469	0.18121753633022308
1607707767547	0.7030709981918335	0.2753431499004364	0.21855013072490687
1607707767567	0.7040657997131348	0.266145259141922	0.2745053768157959
1607707767587	0.6753202676773071	0.23088960349559784	0.3302337527275085
1607707767607	0.7290938496589661	0.04597197100520134	0.5279970169067383
1607707767627	0.702721893787384	0.0437903106212616	0.5471432805061339
1607707767647	0.6602929830551147	0.08052948862314224	0.4962843656539917
1607707767667	0.6481978297233582	0.05635667964816093	0.45790457725524897
1607707767689	0.6164851784706116	0.017662731930613518	0.4085815846920013
1607707767708	0.6067811846733093	-0.013194689527153969	0.3953345417976379
1607707767727	0.569099485874176	-0.04276056587696075	0.3835535645484924
1607707767747	0.5263563990592957	-0.06928957253694534	0.3792251348495483
1607707767768	0.4854633212089538	-0.08676031976938248	0.3788760602474213
1607707767789	0.4229630827903748	-0.08993681520223618	0.3604628443717957
1607707767808	0.37219145894050604	-0.10175269842147827	0.3436204195022583
1607707767827	0.32098349928855896	-0.11840313673019408	0.3147352337837219
1607707767847	0.2768790423870087	-0.13849186897277832	0.2889916300773621
1607707767867	0.2324953079223633	-0.15486305952072146	0.26197391748428345
1607707767887	0.18880972266197205	-0.1569749116897583	0.2281668931245804
1607707767908	0.1460491567850113	-0.17699383199214935	0.20430824160575867
1607707767927	0.0927293449640274	-0.20584413409233093	0.1771334707736969
1607707767947	0.035185836255550385	-0.23226842284202576	0.150360107421875
1607707767968	-0.026703538373112682	-0.2529505789279938	0.12978267669677734
1607707767989	-0.10002481937408447	-0.2442413717508316	0.11372565478086473
1607707768007	-0.17784905433654785	-0.2016902416944504	0.09583602845668793
1607707768027	-0.25160667300224304	-0.15105824172496796	0.08340928703546524
1607707768049	-0.320233017206192	-0.10899581015110016	0.07450810819864273
1607707768070	-0.3736051917076111	-0.0869872123003006	0.06946410238742827
1607707768088	-0.4111995697021485	-0.08798204362392427	0.06621779501438141
1607707768108	-0.4457570910453797	-0.1039867177605629	0.059550635516643524
1607707768128	-0.4799306392669678	-0.12423253804445268	0.04035201296210289
1607707768147	-0.4985882043838501	-0.14742796123027802	0.009354964829981329
1607707768168	-0.5152735710144043	-0.17720328271389008	-0.02035053819417953
1607707768187	-0.5418025851249695	-0.21249383687973025	-0.04490732029080391
1607707768208	-0.5623276233673096	-0.2321811467409134	-0.06805038452148438
1607707768228	-0.5938133597373962	-0.2327047437429428	-0.0950157269835472
1607707768248	-0.7411191463470459	-0.0010122909443452952	-0.2975611686706543
1607707768268	-0.7656410336494446	-0.004939281847327948	-0.31239649653434753
1607707768288	-0.7393912672996521	-0.09454448521137238	-0.2756747603416443
1607707768308	-0.7337713241577148	-0.1261698454618454	-0.25040239095687866
1607707768328	-0.7360751628875732	-0.15058700740337372	-0.23277455568313601
1607707768348	-0.7373841404914856	-0.1880417764186859	-0.2292838990688324
1607707768367	-0.7249050736427307	-0.2105565220117569	-0.2442239224910736
1607707768390	-0.7134906053543091	-0.21563543379306796	-0.27204447984695435
1607707768408	-0.7120070457458496	-0.21184806525707245	-0.2924299240112305
1607707768429	-0.6945188641548157	-0.19797269999980927	-0.28471556305885315
1607707768450	-0.6791250705718994	-0.18044959008693692	-0.2601413130760193
1607707768468	-0.6777811646461487	-0.16626006364822388	-0.23176227509975436
1607707768488	-0.6580414772033691	-0.16692328453063965	-0.199334055185318
1607707768508	-0.6220178604125977	-0.16542230546474454	-0.1725257933139801
1607707768528	-0.6149842143058777	-0.15866787731647491	-0.15994197130203247
1607707768548	-0.6075142025947571	-0.1276184767484665	-0.13774138689041138
1607707768568	-0.5890136957168579	-0.09007643908262253	-0.12409290671348573
1607707768588	-0.5645267367362976	-0.07354817539453506	-0.13149310648441315
1607707768608	-0.5134932994842529	-0.07908086478710175	-0.14868459105491638
1607707768627	-0.4642401337623596	-0.10180505365133287	-0.1705361157655716
1607707768648	-0.4029965102672577	-0.1221032366156578	-0.1821251064538956
1607707768668	-0.36329028010368347	-0.13875368237495422	-0.19027578830718994
1607707768687	-0.32358404994010925	-0.1391027420759201	-0.18875735998153687
1607707768707	-0.2803522348403931	-0.13428562879562378	-0.19132299721241
1607707768728	-0.23427554965019226	-0.14037683606147766	-0.19633208215236664
1607707768748	-0.18024015426635745	-0.1595230996608734	-0.19257962703704834
1607707768768	-0.13964378833770752	-0.17793631553649902	-0.18414968252182007
1607707768788	-0.1065523475408554	-0.1563815027475357	-0.16325809061527252
1607707768807	-0.0728674978017807	-0.11253882944583893	-0.14994123578071594
1607707768827	-0.01539380382746458	-0.06541494280099869	-0.1374272257089615
1607707768848	0.05581562966108322	-0.030927233397960663	-0.12779301404953006
1607707768867	0.12580333650112152	-0.007278022821992636	-0.12349949777126312
1607707768887	0.17404423654079434	0.02148500271141529	-0.11555825173854828
1607707768907	0.2056346982717514	0.05986479297280312	-0.11246901750564577
1607707768929	0.2201383709907532	0.10293951630592346	-0.10131636261940002
1607707768947	0.2408728897571564	0.14732323586940765	-0.09492845833301544
1607707768967	0.26659902930259705	0.16868607699871066	-0.09321803599596024
1607707768987	0.29052749276161194	0.17575465142726898	-0.09381144493818283
1607707769007	0.33311355113983154	0.1892460435628891	-0.09320057928562164
1607707769030	0.3465176820755005	0.18036232888698575	-0.07532840967178345
1607707769051	0.3770609200000763	0.17678439617156982	-0.053215090185403824
1607707769068	0.4073249399662018	0.15447908639907834	-0.027750734239816662
1607707769088	0.4436103403568268	0.12569861114025116	-0.0035430183634161953
1607707769108	0.4867025017738342	0.09309586137533188	0.01647590845823288
1607707769128	0.5035274624824524	0.06895796209573746	0.03183480724692345
1607707769148	0.5389401912689209	0.05333726108074188	0.04845033958554268
1607707769167	0.5489060282707214	0.032934363931417465	0.06557202339172362
1607707769187	0.5825734734535217	-0.003298672381788492	0.09332275390625
1607707769208	0.6196442246437073	-0.04162610322237015	0.15166911482810974
1607707769228	0.640605628490448	-0.07309439033269882	0.2339613884687424
1607707769247	0.6543762683868408	-0.08936085551977158	0.3110874891281128
1607707769268	0.6343922615051271	-0.08529423922300339	0.35301029682159424
1607707769288	0.6338163018226624	-0.0944921225309372	0.3944269418716431
1607707769307	0.6459637880325317	-0.15604989230632782	0.4704360365867615
1607707769327	0.6619335412979126	-0.19601792097091675	0.494259774684906
1607707769347	0.6429967284202576	-0.20347048342227936	0.4644670188426971
1607707769367	0.620848536491394	-0.2188468277454376	0.4391073882579804
1607707769390	0.5795889496803284	-0.20875883102416992	0.4128925502300263
1607707769407	0.5353971719741821	-0.206245556473732	0.3916693329811096
1607707769427	0.5232148170471191	-0.23778365552425385	0.4029616117477417
1607707769448	0.4924620985984802	-0.2728473246097565	0.3957010507583618
1607707769468	0.4717450439929962	-0.2944021224975586	0.398022323846817
1607707769487	0.4266457259654999	-0.2768790423870087	0.3799058198928833
1607707769508	0.3677757680416107	-0.24987879395484924	0.3531150221824646
1607707769527	0.3145432472229004	-0.247662216424942	0.33110642433166504
1607707769547	0.2479763776063919	-0.2609441876411438	0.3022212088108063
1607707769567	0.19072957336902616	-0.2966535985469818	0.2780483961105347
1607707769588	0.13030628859996796	-0.32250192761421204	0.2466324716806412
1607707769607	0.07792895287275314	-0.34454545378685	0.2206096202135086
1607707769627	0.021973695605993267	-0.3479662835597992	0.1944122314453125
1607707769647	-0.039444439113140106	-0.32135000824928284	0.16116370260715485
1607707769667	-0.10190977156162262	-0.2944195866584778	0.13384929299354553
1607707769687	-0.15310028195381165	-0.25827381014823914	0.10995574295520782
1607707769707	-0.20202186703681946	-0.23291419446468356	0.09787806123495102
1607707769727	-0.244346097111702	-0.20380209386348724	0.08798204362392427
1607707769748	-0.28843310475349426	-0.17348572611808774	0.0740194097161293
1607707769767	-0.3390825688838959	-0.14926055073738098	0.05235987901687622
1607707769787	-0.3684040904045105	-0.12482594698667525	0.02288126572966576
1607707769808	-0.41196751594543457	-0.11655309051275252	-0.007539822254329921
1607707769827	-0.4346567988395691	-0.11672762036323547	-0.03689625859260559
1607707769847	-0.4588121473789215	-0.13178981840610504	-0.059376101940870285
1607707769867	-0.4848873615264893	-0.14468780159950256	-0.07904595881700516
1607707769887	-0.5013982057571411	-0.1613033264875412	-0.10229374468326567
1607707769907	-0.5312781929969788	-0.19273671507835388	-0.1339540183544159
1607707769928	-0.5466196537017822	-0.2027723491191864	-0.16636478900909424
1607707769947	-0.6466619372367859	-0.10210175812244417	-0.32073915004730225
1607707769967	-0.7408573627471924	0.02808234840631485	-0.3558202683925629
1607707769987	-0.7349755764007568	-0.005148721393197775	-0.3105464279651642
1607707770007	-0.7448192834854126	-0.00549778714776039	-0.2812249064445496
1607707770027	-0.7330033779144287	-0.03476695716381073	-0.2612932324409485
1607707770047	-0.7272961735725403	-0.08213519304990767	-0.262096107006073
1607707770067	-0.7031757235527039	-0.10438814014196396	-0.277088463306427
1607707770087	-0.7042927145957947	-0.09934414178133012	-0.30000463128089905
1607707770107	-0.6935763955116272	-0.08815658092498779	-0.3005107939243317
1607707770127	-0.6809576749801636	-0.08504989743232727	-0.2837207317352295
1607707770147	-0.6536607146263123	-0.08260643482208252	-0.25239205360412603
1607707770168	-0.6368357539176941	-0.08068656921386719	-0.2224422097206116
1607707770187	-0.6321408152580261	-0.06749188154935838	-0.19776326417922974
1607707770207	-0.63137286901474	-0.039444439113140106	-0.17175784707069394
1607707770227	-0.6385112404823303	-0.009232792071998121	-0.1486322432756424
1607707770247	-0.6276901960372925	0.009023352526128292	-0.1273043155670166
1607707770267	-0.5977403521537781	0.003420845372602344	-0.11248646676540376
1607707770287	-0.5430068373680115	-0.015463616698980331	-0.1037074625492096
1607707770307	-0.5048364996910095	-0.02904227934777737	-0.10096729546785356
1607707770327	-0.4787263572216034	-0.03701843321323395	-0.09519025683403017
1607707770347	-0.4450240433216095	-0.04653047770261765	-0.1042485162615776
1607707770367	-0.4055097997188568	-0.05881759524345397	-0.13444271683692932
1607707770387	-0.3618591129779816	-0.07145377993583679	-0.15919147431850433
1607707770407	-0.3197617828845978	-0.08281587064266205	-0.17690657079219818
1607707770427	-0.2785021960735321	-0.08597491681575775	-0.18250907957553866
1607707770447	-0.24986132979393005	-0.0823795422911644	-0.1878846883773804
1607707770467	-0.2194402515888214	-0.07923794537782669	-0.1929636001586914
1607707770487	-0.17957693338394165	-0.08199556916952133	-0.19369663298130035
1607707770508	-0.13929472863674164	-0.0976337194442749	-0.1925098150968552
1607707770527	-0.09972811490297318	-0.09890780597925186	-0.1817585825920105
1607707770548	-0.060754910111427314	-0.06977826356887817	-0.15880750119686127
1607707770568	-0.022078415378928185	-0.024696409702301025	-0.1339365690946579
1607707770587	0.02577851340174675	0.012444197200238705	-0.11623892933130266
1607707770607	0.08574802428483963	0.030839968472719193	-0.10210175812244417
1607707770627	0.14290755987167358	0.027925267815589905	-0.09089674800634384
1607707770647	0.18643607199192047	0.03316125646233559	-0.07955210655927658
1607707770668	0.2128603607416153	0.05026548355817795	-0.06733480095863342
1607707770690	0.2256361693143845	0.07269296050071716	-0.052394784986972816
1607707770707	0.24471262097358704	0.08096582442522049	-0.04021238535642624
1607707770727	0.2750639021396637	0.08614945411682129	-0.03033382259309292
1607707770747	0.2979975044727325	0.08983209729194641	-0.01855284906923771
1607707770767	0.31354838609695435	0.08920377492904663	-0.004712388850748539
1607707770787	0.3292563557624817	0.0913156270980835	0.011920598335564137
1607707770807	0.3540574908256531	0.08463101834058763	0.028763025999069214
1607707770827	0.3778114318847656	0.06332054734230043	0.0406138114631176
1607707770848	0.4135034084320069	0.0216071754693985	0.04900884628295898
1607707770867	0.4729842245578766	-0.04101523756980896	0.061243604868650436
1607707770887	0.5142263770103455	-0.103655107319355	0.07422885298728943
1607707770907	0.5504593849182129	-0.156154602766037	0.09286896884441376
1607707770927	0.5740213394165039	-0.20024162530899048	0.11934561282396315
1607707770954	0.593795895576477	-0.2428102046251297	0.1589471399784088
1607707770968	0.6110397577285767	-0.2818532288074493	0.22858576476573944
1607707770989	0.6217560768127441	-0.3170914053916931	0.29485592246055603
1607707771007	0.6287199258804321	-0.3304781019687653	0.32737141847610474
1607707771027	0.607880711555481	-0.32649874687194824	0.3473554253578186
1607707771047	0.6051928997039795	-0.3491880297660828	0.3719820082187653
1607707771068	0.597356379032135	-0.3753330409526825	0.3648261725902557
1607707771088	0.5732359290122986	-0.3698352575302124	0.3723834455013275
1607707771107	0.5436875224113464	-0.3516838550567627	0.4038517475128174
1607707771127	0.5039638280868529	-0.329012006521225	0.4276405572891235
1607707771150	0.4795815646648407	-0.3224495649337769	0.45498988032341
1607707771167	0.4394738972187042	-0.31979668140411377	0.4483052790164948
1607707771189	0.4095589518547058	-0.3371976017951965	0.4344822764396668
1607707771209	0.3763628005981445	-0.35128241777420044	0.4110250473022461
1607707771228	0.3341083824634552	-0.3435855209827423	0.3764500617980957
1607707771248	0.29825931787490845	-0.3228859007358551	0.3567278385162353
1607707771285	0.2489363104104996	-0.29743900895118713	0.3355046510696411
1607707771288	0.20374973118305206	-0.3060434758663177	0.32710960507392883
1607707771307	0.14713124930858612	-0.3318743705749512	0.3088185489177704
1607707771327	0.086969755589962	-0.364232748746872	0.28586748242378235
1607707771347	0.03211405873298645	-0.40022143721580505	0.2691995799541473
1607707771368	-0.019792033359408382	-0.42088615894317627	0.2559874355792999
1607707771388	-0.07353071868419647	-0.4036422967910767	0.23547981679439545
1607707771408	-0.12339477986097334	-0.36795032024383545	0.20902062952518466
1607707771428	-0.17756979167461395	-0.34749504923820496	0.1863662600517273
1607707771448	-0.21827086806297305	-0.3088883757591248	0.15795229375362396
1607707771467	-0.26515042781829834	-0.2834414839744568	0.13903293013572693
1607707771487	-0.30579912662506104	-0.24530602991580966	0.11861257255077362
1607707771508	-0.3407231867313385	-0.19774580001831052	0.09337511658668518
1607707771528	-0.3771132826805115	-0.15566591918468475	0.0659734457731247
1607707771549	-0.4063824713230133	-0.11777481436729433	0.034784410148859024
1607707771568	-0.4398578703403473	-0.08888962119817734	0.0051312679424881935
1607707771587	-0.4589517712593079	-0.06447245925664903	-0.021502455696463585
1607707771607	-0.4911181926727295	-0.0524296909570694	-0.04712389037013054
1607707771627	-0.5186420679092407	-0.058014743030071265	-0.07452555745840073
1607707771647	-0.5366712808609009	-0.06916739791631699	-0.0964992567896843
1607707771668	-0.5779134035110474	-0.06805038452148438	-0.11239920556545258
1607707771688	-0.6114586591720581	-0.03562216833233833	-0.12782791256904602
1607707771707	-0.6663143634796143	-0.009581857360899448	-0.15344934165477753
1607707771727	-0.6839247345924377	-0.03087487444281578	-0.1733810007572174
1607707771748	-0.6796835660934448	-0.05719443783164024	-0.17390461266040802
1607707771768	-0.6951646208763123	-0.09117600321769714	-0.19343483448028564
1607707771789	-0.6699621081352234	-0.1226617395877838	-0.2063328176736832
1607707771808	-0.6701540946960449	-0.14871950447559354	-0.22855086624622345
1607707771829	-0.6639057993888855	-0.15646876394748688	-0.2471037209033966
1607707771847	-0.6540272235870361	-0.15196581184864044	-0.2572615444660187
1607707771868	-0.6501874923706055	-0.14784684777259827	-0.2601064145565033
1607707771888	-0.6244264245033264	-0.13288937509059906	-0.2461263239383697
1607707771907	-0.634636640548706	-0.10583676397800446	-0.23287928104400635
1607707771928	-0.6265906691551208	-0.06339035928249359	-0.2045176774263382
1607707771948	-0.625002384185791	-0.02352703735232353	-0.18399260938167566
1607707771968	-0.6076887249946594	-0.0017278759041801095	-0.17085027694702148
1607707771988	-0.570844829082489	0.0032114058267325163	-0.15971508622169495
1607707772007	-0.5392718315124512	-0.00836012698709965	-0.1592787504196167
1607707772027	-0.4886921942234039	-0.029653143137693405	-0.16728980839252472
1607707772047	-0.4517086744308472	-0.05593780055642128	-0.18764035403728485
1607707772067	-0.4015304446220398	-0.07768460363149643	-0.2013411819934845
1607707772087	-0.3502701222896576	-0.0881391242146492	-0.20872391760349274
1607707772107	-0.30864402651786804	-0.0878424197435379	-0.22160445153713226
1607707772127	-0.27028167247772217	-0.0878598764538765	-0.23635248839855194
1607707772147	-0.2215346395969391	-0.1080009713768959	-0.2361954003572464
1607707772167	-0.16397368907928467	-0.13264502584934235	-0.21153390407562256
1607707772187	-0.11821115016937254	-0.13603095710277555	-0.1821425557136536
1607707772207	-0.08716174215078354	-0.10100220143795012	-0.15713198482990265
1607707772227	-0.060580376535654075	-0.051190506666898734	-0.12784536182880402
1607707772247	-0.02848377265036106	-0.0018849555635824802	-0.09164723753929138
1607707772267	0.007243116386234759	0.03508111834526062	-0.07422885298728943
1607707772287	0.04900884628295898	0.057560957968235016	-0.08166395872831345
1607707772307	0.08990190923213959	0.06145304441452025	-0.09815731644630432
1607707772327	0.13491395115852356	0.07250097393989563	-0.10691887140274048
1607707772347	0.1725432425737381	0.07876671105623245	-0.09700539708137512
1607707772367	0.20559978485107425	0.07721336930990219	-0.08436921238899231
1607707772388	0.2381327152252197	0.07351326942443848	-0.07506661117076874
1607707772407	0.2572091817855835	0.06981316953897476	-0.06876597553491592
1607707772427	0.2751511633396149	0.06789331138134003	-0.07227408140897751
1607707772447	0.2980324327945709	0.058084558695554726	-0.07740534842014313
1607707772467	0.33396875858306885	0.03895574808120728	-0.07579965144395827
1607707772487	0.3586302399635315	0.015533430501818657	-0.061976641416549676
1607707772507	0.3763628005981445	0.0004537856148090214	-0.03998549282550812
1607707772527	0.4019318819046021	-0.012740903533995152	-0.013753194361925123
1607707772547	0.4271344244480133	-0.03366740047931671	0.01480039209127426
1607707772567	0.4541521370410919	-0.06232570856809616	0.04653047770261765
1607707772587	0.4768239557743073	-0.0918915867805481	0.08279842138290405
1607707772607	0.4950277209281922	-0.11814133822917937	0.12824679911136627
1607707772628	0.4979773461818695	-0.13777628540992734	0.17669713497161865
1607707772648	0.4967905282974243	-0.16383405029773712	0.2092824280261993
1607707772668	0.5066167116165161	-0.20093975961208346	0.2314132004976273
1607707772687	0.5352226495742798	-0.2764950692653656	0.2837032675743103
1607707772707	0.5788558721542358	-0.3542843759059906	0.39821431040763855
1607707772727	0.5626243352890015	-0.3833092153072357	0.3977256417274475
1607707772747	0.5327792167663574	-0.40203657746315	0.3859097361564636
1607707772767	0.4948008358478546	-0.4090004563331604	0.3799232840538025
1607707772787	0.4352501928806305	-0.3663446009159088	0.36636206507682795
1607707772807	0.3805166780948639	-0.344999223947525	0.3456624448299408
1607707772827	0.3383146226406097	-0.3623303472995758	0.3172310292720795
1607707772847	0.3060784041881561	-0.4080754220485687	0.2854660451412201
1607707772867	0.28040459752082825	-0.4619711935520172	0.2678556740283966
1607707772887	0.2463706731796265	-0.4813618063926697	0.25069910287857056
1607707772907	0.20429079234600067	-0.4708549380302429	0.2310292273759842
1607707772927	0.1644449234008789	-0.4464203119277954	0.2137155681848526
1607707772947	0.12405800074338913	-0.4367511868476868	0.2010095715522766
1607707772968	0.08127998560667038	-0.4495618939399719	0.19058994948863986
1607707772988	0.031468287110328674	-0.4673817157745361	0.18420204520225525
1607707773007	-0.015149458311498162	-0.5107182264328003	0.18713420629501346
1607707773027	-0.06473426520824432	-0.5340533256530762	0.184446394443512
1607707773048	-0.11163125932216644	-0.5169141888618469	0.17690657079219818
1607707773067	-0.15990707278251648	-0.4847303032875061	0.17439329624176025
1607707773089	-0.20668189227581024	-0.4435579776763916	0.17058847844600675
1607707773108	-0.26544713973999023	-0.3996629416942597	0.16742943227291107
1607707773128	-0.3182607889175415	-0.3391174674034119	0.1537984162569046
1607707773149	-0.3714060783386231	-0.3259925842285156	0.1469392627477646
1607707773168	-0.4076565504074097	-0.3418052792549133	0.13615313172340393
1607707773188	-0.4289844632148743	-0.384234219789505	0.11847294867038727
1607707773208	-0.4673817157745361	-0.4474675059318543	0.0979653298854828
1607707773228	-0.4935791194438934	-0.4880289733409882	0.07190756499767302
1607707773247	-0.5310688018798828	-0.5278050303459167	0.04977678880095482
1607707773267	-0.5594652891159058	-0.5378232002258301	0.02994984947144985
1607707773287	-0.5917713046073914	-0.5428846478462219	0.00767944846302271
1607707773307	-0.6154031157493591	-0.5505815744400024	-0.018500490114092827
1607707773328	-0.6397329568862915	-0.5191830992698669	-0.049323003739118576
1607707773348	-0.7223219871520996	-0.4649731516838074	-0.14241886138916016
1607707773368	-0.7499330639839172	-0.4064871668815613	-0.1526813954114914
1607707773387	-0.7779805064201355	-0.364232748746872	-0.13894565403461456
1607707773407	-0.7979819774627686	-0.3217514455318451	-0.12833406031131744
1607707773430	-0.811054527759552	-0.3494323790073395	-0.1247386783361435
1607707773447	-0.7954163551330566	-0.3869220316410065	-0.13723523914813995
1607707773467	-0.7860962748527527	-0.4161912202835083	-0.16922712326049805
1607707773487	-0.7988371849060059	-0.43142792582511896	-0.20736256241798398
1607707773507	-0.7849443554878235	-0.4169591665267944	-0.22279128432273865
1607707773528	-0.7837924361228943	-0.4163832068443297	-0.2214822769165039
1607707773548	-0.7517656683921814	-0.38552576303482056	-0.1909390240907669
1607707773568	-0.7372096180915833	-0.3459067940711975	-0.15479324758052826
1607707773587	-0.7125481367111206	-0.3070557713508606	-0.12737412750720978
1607707773607	-0.6723182797431946	-0.29103365540504456	-0.11136946082115172
1607707773627	-0.6439217925071716	-0.3101275563240051	-0.10759954899549484
1607707773647	-0.5811771750450134	-0.330111563205719	-0.11023499816656113
1607707773667	-0.548958420753479	-0.3638313412666321	-0.12599532306194305
1607707773688	-0.4987627267837525	-0.3846356570720673	-0.14233160018920898
1607707773708	-0.4547629952430725	-0.4021936655044556	-0.15992452204227448
1607707773727	-0.4199960231781006	-0.4060508608818054	-0.17212437093257904
1607707773747	-0.3585255444049835	-0.3882659375667572	-0.16577136516571045
1607707773767	-0.30979594588279724	-0.3857875764369965	-0.15718434751033786
1607707773787	-0.26337018609046936	-0.344999223947525	-0.136537104845047
1607707773807	-0.2461612373590469	-0.3000744581222534	-0.1180889755487442
1607707773827	-0.2335774153470993	-0.24876177310943606	-0.09944885969161987
1607707773847	-0.2130872458219528	-0.2002939879894257	-0.08571311831474304
1607707773867	-0.18812903761863708	-0.14882422983646393	-0.07855726778507233
1607707773887	-0.1636420637369156	-0.07384487986564636	-0.06932447850704193
1607707773907	-0.14104005694389346	-0.010855947621166706	-0.0598996989428997
1607707773927	-0.1034107580780983	0.032183870673179626	-0.0460766926407814
1607707773947	-0.0757298395037651	0.06867870688438417	-0.033004175871610635
1607707773967	-0.05389576777815819	0.09819222241640092	-0.018570303916931152
1607707773987	-0.03410373255610466	0.12109094113111495	-0.00799360778182745
1607707774007	-0.020315632224082947	0.1408306211233139	-0.006946410518139601
1607707774027	-0.007644542027264834	0.14217452704906464	-0.015585790388286112
1607707774047	0.017261305823922157	0.11388273537158965	-0.03157300502061844
1607707774067	0.049672070890665054	0.06286676228046417	-0.0408930629491806
1607707774087	0.08009316027164459	0.005096361506730318	-0.04728097096085549
1607707774107	0.11761774122714995	-0.061261057853698724	-0.05190609022974968
1607707774128	0.1610066294670105	-0.1425410360097885	-0.05248204991221428
1607707774148	0.2097362130880356	-0.2289348393678665	-0.05133013427257538
1607707774168	0.2373473197221756	-0.3056071400642395	-0.048799406737089164
1607707774187	0.26169466972351074	-0.3829077780246735	-0.048799406737089164
1607707774207	0.284698098897934	-0.4640830457210541	-0.04871213808655739
1607707774227	0.30712559819221497	-0.5375264883041382	-0.04211479425430298
1607707774247	0.3107907772064209	-0.5753652453422546	-0.017174039036035538
1607707774268	0.2951875329017639	-0.5795714855194092	0.025534166023135185
1607707774287	0.28105035424232483	-0.5721189379692078	0.07368779927492143
1607707774307	0.2580818235874176	-0.5712113380432129	0.10576695203781128
1607707774327	0.2526538670063019	-0.5907067060470581	0.13262757658958435
1607707774347	0.2361779510974884	-0.5920854806900024	0.15486305952072146
1607707774367	0.2134363204240799	-0.5829050540924072	0.1821251064538956
1607707774387	0.18510961532592773	-0.577808678150177	0.20530307292938232
1607707774407	0.1647590845823288	-0.5933945178985596	0.196454256772995
1607707774428	0.15629422664642334	-0.6585651040077211	0.17067573964595795
1607707774447	0.16395622491836548	-0.7239102125167847	0.14995868504047394
1607707774467	0.20355774462223053	-0.7782946825027466	0.18936821818351746
1607707774487	0.2102947235107422	-0.7807206511497498	0.2143787890672684
1607707774507	0.18416714668273929	-0.7975805401802063	0.2028596252202988
1607707774528	0.14578735828399658	-0.8103039860725403	0.19027578830718994
1607707774549	0.08463101834058763	-0.7892727851867676	0.1497666984796524
1607707774567	0.02836159989237785	-0.7883477807044983	0.10407398641109468
1607707774587	-0.01898918300867081	-0.7712609767913818	0.05578072369098663
1607707774607	-0.07204718887805939	-0.7604573965072632	0.008517206646502018
1607707774628	-0.16715018451213834	-0.702268123626709	-0.03410373255610466
1607707774648	-0.257436066865921	-0.6338337659835815	-0.05569345504045488
1607707774668	-0.319133460521698	-0.5865353345870972	-0.054768431931734085
1607707774687	-0.3455577492713928	-0.5240700244903564	-0.04372049868106842
1607707774708	-0.3546858131885529	-0.5005953311920166	-0.0385892279446125
1607707774729	-0.35782739520072937	-0.4773300886154175	-0.04021238535642624
1607707774749	-0.3684215545654297	-0.4406607151031494	-0.043371431529521935
1607707774768	-0.3932401239871979	-0.39701005816459656	-0.04729842394590378
1607707774787	-0.4253541827201843	-0.3591189384460449	-0.04878195375204086
1607707774807	-0.4593881070613861	-0.32190853357315063	-0.046739917248487466
1607707774827	-0.477556973695755	-0.29164451360702515	-0.04248131439089775
1607707774847	-0.4908214807510376	-0.27092745900154114	-0.04244640842080116
1607707774867	-0.5039638280868529	-0.24530602991580966	-0.04560545459389687
1607707774887	-0.5245761871337891	-0.20776399970054624	-0.049933869391679764
1607707774908	-0.5406855344772339	-0.17592918872833252	-0.053529247641563416
1607707774927	-0.5534613728523254	-0.1489289402961731	-0.054506633430719376
1607707774947	-0.5734279155731201	-0.13109168410301208	-0.06373942643404007
1607707774967	-0.5927138328552246	-0.11594222486019135	-0.0806342139840126
1607707774987	-0.6032730340957642	-0.11662290245294572	-0.10583676397800446
1607707775007	-0.6056990623474121	-0.13674654066562653	-0.13873621821403506
1607707775027	-0.5728868842124939	-0.16107644140720367	-0.16341517865657804
1607707775047	-0.5389401912689209	-0.1650034338235855	-0.16351990401744845
1607707775067	-0.5255535244941711	-0.1546361744403839	-0.1489289402961731
1607707775087	-0.5354495644569397	-0.15589280426502228	-0.16606807708740234
1607707775107	-0.6045994758605957	-0.19308577477931976	-0.2592686712741852
1607707775127	-0.6356139779090881	-0.20868901908397675	-0.3052929937839508
1607707775147	-0.6089279055595398	-0.18734364211559296	-0.2730916738510132
1607707775167	-0.5630432367324829	-0.1587027907371521	-0.22532200813293454
1607707775188	-0.5212600231170654	-0.15388567745685575	-0.2019345909357071
1607707775207	-0.4858822226524353	-0.14292500913143158	-0.16943655908107758
1607707775227	-0.44013711810112	-0.12418017536401747	-0.12400564551353455
1607707775247	-0.396434098482132	-0.10035642981529236	-0.07480481266975403
1607707775267	-0.3553839325904846	-0.0881216749548912	-0.04614650458097458
1607707775287	-0.3212453126907349	-0.10236355662345886	-0.050963614135980606
1607707775307	-0.2845759391784668	-0.11552334576845168	-0.06174974888563156
1607707775328	-0.2393020987510681	-0.11421434581279755	-0.061016708612442024
1607707775347	-0.20846211910247806	-0.08822639286518097	-0.04345869645476341
1607707775367	-0.17277014255523682	-0.038693949580192566	-0.01295034307986498
1607707775387	-0.1388060301542282	0.011763518676161766	0.012740903533995152
1607707775408	-0.10227629542350768	0.042935099452734	0.024329889565706253
1607707775427	-0.0521329827606678	0.053040556609630585	0.020699605345726013
1607707775447	-0.005044001620262861	0.049043752253055566	0.00549778714776039
1607707775467	0.030665434896945957	0.04042182490229607	-0.014311700128018856
1607707775487	0.054750978946685784	0.0311192199587822	-0.030892327427864075
1607707775507	0.07915068417787552	0.024347342550754547	-0.03654719516634941
1607707775527	0.11192796379327774	0.017016960307955742	-0.04796164855360985
1607707775547	0.1247037723660469	0.026651177555322647	-0.06290166825056076
1607707775567	0.11990411579608914	0.047891832888126366	-0.07024950534105301
1607707775587	0.11760028451681134	0.07586946338415146	-0.07017968595027924
1607707775607	0.12712977826595304	0.09281660616397858	-0.06812020391225815
1607707775627	0.15400785207748413	0.10403907299041748	-0.06363470107316971
1607707775647	0.180816113948822	0.10639527440071106	-0.05305800959467888
1607707775668	0.2040115296840668	0.1054353415966034	-0.043703045696020126
1607707775687	0.2180439829826355	0.1036900132894516	-0.03757693991065025
1607707775707	0.23748694360256195	0.09805259853601456	-0.03609341010451317
1607707775727	0.2715383172035217	0.08421213924884796	-0.03476695716381073
1607707775747	0.3147526681423187	0.06967354565858841	-0.03192207217216492
1607707775768	0.3607770204544067	0.06166248396039009	-0.02993239648640156
1607707775787	0.3680724799633026	0.038327429443597794	-0.028623400256037712
1607707775807	0.364128053188324	-0.004747295752167703	-0.028501227498054508
1607707775828	0.350339949131012	-0.06850416958332063	-0.027279496192932132
1607707775849	0.3436727821826935	-0.14763739705085754	-0.019373154267668724
1607707775867	0.3480710089206696	-0.21905627846717834	0.006126105785369873
1607707775887	0.3648785352706909	-0.2719222903251648	0.05190609022974968
1607707775907	0.4355643689632416	-0.36133551597595215	0.08744099736213684
1607707775928	0.4142015278339386	-0.4115660786628723	0.09808750450611116
1607707775948	0.3898192942142487	-0.4459839761257172	0.1186300292611122
1607707775969	0.3710046410560608	-0.4810301959514618	0.12978267669677734
1607707775987	0.3575481474399567	-0.5263563990592957	0.13341297209262848
1607707776007	0.35498252511024475	-0.5846503973007202	0.14220942556858066
1607707776027	0.3497988879680633	-0.6182829141616821	0.15617206692695618
1607707776047	0.4021762311458588	-0.6303431391716003	0.21966713666915894
1607707776068	0.4575031697750092	-0.5612280964851379	0.3286629617214203
1607707776087	0.4587423503398895	-0.5135631561279297	0.3836582601070404
1607707776107	0.4318293631076813	-0.5456597208976746	0.38433894515037537
1607707776127	0.4192280769348145	-0.5592383742332458	0.3882659375667572
1607707776147	0.3900112807750702	-0.550023078918457	0.4061555564403534
1607707776168	0.3540923893451691	-0.52546626329422	0.4249876737594605
1607707776187	0.3383669853210449	-0.5122890472412109	0.4473977088928223
1607707776207	0.33595842123031616	-0.5256407856941223	0.4584107398986816
1607707776227	0.3175975680351257	-0.555241584777832	0.4423711597919464
1607707776247	0.28729864954948425	-0.5957856178283691	0.4358785152435303
1607707776268	0.2312386780977249	-0.5939180850982666	0.41631338000297546
1607707776287	0.17086772620677948	-0.5802521705627441	0.3909188508987427
1607707776308	0.1210036799311638	-0.5796936750411987	0.3649308979511261
1607707776328	0.08073893189430237	-0.5855928659439087	0.332991361618042
1607707776347	0.04527384042739868	-0.5766916871070862	0.30344295501708984
1607707776369	0.01226966455578804	-0.5395685434341431	0.2733883857727051
1607707776387	-0.02455678209662437	-0.5107706189155579	0.2535265386104584
1607707776407	-0.0691150352358818	-0.4828278720378876	0.2295806109905243
1607707776429	-0.10669197887182236	-0.4594928324222565	0.20141099393367767
1607707776448	-0.14077825844287872	-0.4505043923854828	0.16882570087909698
1607707776468	-0.18568557500839236	-0.4527733027935028	0.1342507302761078
1607707776487	-0.23088960349559784	-0.4323704242706299	0.10002481937408447
1607707776508	-0.27256807684898376	-0.4069235026836395	0.07136651128530502
1607707776528	-0.3183480501174927	-0.3950552642345429	0.04736823588609696
1607707776547	-0.3476172387599945	-0.368561178445816	0.02244493365287781
1607707776568	-0.3806039392948151	-0.3481931984424591	-0.0018325956771150234
1607707776587	-0.4076740145683289	-0.3210882246494293	-0.01790707744657993
1607707776608	-0.42697733640670776	-0.28820621967315674	-0.027471482753753662
1607707776630	-0.44080036878585815	-0.25413739681243896	-0.03090978041291237
1607707776648	-0.4426504075527191	-0.22043508291244507	-0.032882001250982285
1607707776668	-0.4700869917869568	-0.2111150324344635	-0.04934045672416687
1607707776690	-0.5370203852653503	-0.2408903390169144	-0.112364299595356
1607707776707	-0.6683738231658936	-0.3172135949134827	-0.22474604845047
1607707776727	-0.721815824508667	-0.3258529603481293	-0.2652725875377655
1607707776747	-0.69362872838974	-0.2796715497970581	-0.24413666129112244
1607707776767	-0.6914645433425903	-0.237452045083046	-0.22968532145023346
1607707776787	-0.6509031057357788	-0.20258036255836487	-0.21823596954345706
1607707776807	-0.6319313645362854	-0.18797196447849274	-0.22629939019680026
1607707776827	-0.6089628338813782	-0.1788787990808487	-0.238534152507782
1607707776847	-0.6275156736373901	-0.17238616943359375	-0.25590017437934875
1607707776867	-0.6498035192489624	-0.15568336844444275	-0.2597748041152954
1607707776887	-0.6429094672203064	-0.1339016556739807	-0.2530378401279449
1607707776907	-0.6192777156829834	-0.11728612333536148	-0.2450791299343109
1607707776927	-0.5903401374816895	-0.09934414178133012	-0.2307674288749695
1607707776947	-0.6011786460876465	-0.0838281661272049	-0.2224247604608536
1607707776967	-0.5963964462280273	-0.06316346675157547	-0.20636773109436035
1607707776987	-0.5705306529998779	-0.04756022244691849	-0.19310322403907776
1607707777007	-0.5345070958137512	-0.036739181727170944	-0.18800686299800876
1607707777027	-0.4773475527763367	-0.02410299703478813	-0.1821251064538956
1607707777047	-0.4169766008853912	-0.007731808349490166	-0.17537067830562592
1607707777067	-0.3615624010562897	0.009407324716448784	-0.16786576807498932
1607707777087	-0.3139323592185974	0.030839968472719193	-0.163048654794693
1607707777107	-0.26747170090675354	0.049584802240133286	-0.15718434751033786
1607707777127	-0.2131919711828232	0.05729915946722031	-0.15748105943202972
1607707777147	-0.14451326429843905	0.06531021744012833	-0.15598008036613464
1607707777168	-0.08134979754686356	0.07470009475946426	-0.14585717022418976
1607707777187	-0.04642575979232788	0.08827875554561615	-0.13292427361011505
1607707777207	-0.024068091064691544	0.11107275635004044	-0.12271410226821901
1607707777227	0.0006981316837482153	0.1308124214410782	-0.11538371443748476
1607707777247	0.03998549282550812	0.1408480703830719	-0.10695377737283708
1607707777267	0.09382890164852142	0.14477506279945376	-0.103672556579113
1607707777287	0.14222687482833862	0.14034192264080048	-0.10154325515031816
1607707777307	0.17315411567687988	0.13866640627384186	-0.09468410909175873
1607707777327	0.18846064805984494	0.13836970925331116	-0.08349654823541641
1607707777347	0.20886355638504028	0.1350535750389099	-0.07569492608308792
1607707777367	0.2415710240602493	0.12597785890102384	-0.07077310234308243
1607707777387	0.2592337429523468	0.11379546672105788	-0.06902777403593062
1607707777408	0.26549947261810297	0.10229374468326567	-0.06750933825969696
1607707777427	0.2701420485973358	0.09107127785682677	-0.0625002384185791
1607707777447	0.2878047823905945	0.0818210318684578	-0.05265658348798752
1607707777467	0.3206169903278351	0.0696909949183464	-0.04207988828420639
1607707777487	0.3765024244785309	0.054768431931734085	-0.033056534826755524
1607707777507	0.4374667704105377	0.041783183813095086	-0.022863812744617462
1607707777527	0.4819028675556183	0.04513421282172203	0.002740166848525405
1607707777547	0.5093219876289368	0.05740387737751008	0.03754203021526337
1607707777567	0.5358335375785828	0.06916739791631699	0.07436847686767578
1607707777588	0.5670923590660095	0.0751887857913971	0.11053170263767242
1607707777607	0.5955936312675476	0.0786445364356041	0.15002849698066711
1607707777627	0.681900143623352	0.1278977245092392	0.2474178671836853
1607707777647	0.7738091945648193	0.21245892345905304	0.3855781257152557
1607707777669	0.7520972490310669	0.17229890823364258	0.3879517912864685
1607707777688	0.7255508303642273	0.1131846010684967	0.3720518350601196
1607707777708	0.6895097494125366	0.07445574551820755	0.3663795292377472
1607707777727	0.6420019268989563	0.05248204991221428	0.3781255781650543
1607707777747	0.5749638080596924	0.045291293412446976	0.3839549720287323
1607707777767	0.5319065451622009	0.05276130139827728	0.40516072511672974
1607707777788	0.4710469245910645	0.04703662171959877	0.40055304765701294
1607707777812	0.0	0.0	0.0
1607707777817	-0.17273522913455966	-0.16367697715759275	-0.1736777126789093
1607707777840	-0.21008528769016266	-0.20577432215213776	-0.30061551928520197
1607707777840	-0.25167647004127497	-0.2807711064815521	-0.4422140717506409
1607707777847	-0.3333404362201691	-0.4247956871986389	-0.6806260347366333
1607707777858	-0.3383669853210449	-0.4909087717533112	-0.7737219333648682
1607707777867	-0.3256959021091461	-0.5167047381401062	-0.8239350318908691
1607707777889	-0.3023957312107086	-0.5007873177528381	-0.8310210704803467
1607707777889	-0.2673669755458832	-0.4580093026161194	-0.8062548637390137
1607707777902	-0.2295456975698471	-0.4217239022254944	-0.7519053220748901
1607707777909	-0.17289231717586515	-0.36454692482948303	-0.684779942035675
1607707777924	-0.11342895030975343	-0.3152762651443481	-0.6211801171302795
1607707777928	-0.05965535342693329	-0.2687807083129883	-0.5651899576187134
1607707777938	-0.012322024442255495	-0.22513002157211304	-0.5117654204368591
1607707777949	0.03895574808120728	-0.17760470509529114	-0.4591263234615326
1607707777958	0.09569640457630156	-0.13529792428016665	-0.4079008996486664
1607707777969	0.1448797732591629	-0.09433504939079283	-0.3623652458190918
1607707777981	0.17936748266220093	-0.06211626902222634	-0.3265511095523834
1607707777988	0.191375344991684	-0.040997784584760666	-0.30483919382095337
1607707778002	0.18510961532592773	-0.03862413763999939	-0.29881781339645386
1607707778008	0.1647590845823288	-0.04796164855360985	-0.303530216217041
1607707778018	0.13355259597301486	-0.06352998316287994	-0.31262338161468506
1607707778028	0.10032152384519576	-0.07874925434589386	-0.32047736644744873
1607707778038	0.07857472449541092	-0.09065239876508713	-0.32133257389068604
1607707778047	0.04457570984959602	-0.09923942387104034	-0.3150668442249298
1607707778058	-0.033423054963350296	-0.0985238328576088	-0.3027273714542389
1607707778068	-0.14290755987167358	-0.09169960021972656	-0.2848028242588043
1607707778078	-0.250542014837265	-0.08271115273237227	-0.2652900516986847
1607707778094	-0.3282789885997772	-0.07012733072042465	-0.2434559762477875
1607707778099	-0.3726452589035034	-0.058398716151714325	-0.2195100635290146
1607707778109	-0.3940255343914032	-0.050649452954530716	-0.19547687470912933
1607707778118	-0.4033455848693848	-0.04672246426343918	-0.17350317537784574
1607707778128	-0.4160690307617188	-0.039269909262657166	-0.1547059863805771
1607707778137	-0.4168544411659241	-0.032794736325740814	-0.1362578570842743
1607707778148	-0.4054749011993408	-0.027401668950915337	-0.1163436472415924
1607707778164	-0.3999771177768707	-0.019792033359408382	-0.09801769256591797
1607707778170	-0.39013344049453735	-0.015184364281594753	-0.07560766488313675
1607707778178	-0.3891909718513489	-0.005340707488358021	-0.050387654453516006
1607707778188	-0.3952821791172028	0.005689773242920637	-0.022200588136911392
1607707778198	-0.3983888626098633	0.00945968460291624	0.0035430183634161953
1607707778208	-0.4087561070919037	0.0036477381363511094	0.02330014482140541
1607707778218	-0.4162435829639435	-0.011833332479000092	0.028326693922281262
1607707778228	-0.4257207214832306	-0.04187044873833656	0.02005383372306824
1607707778237	-0.4397357106208801	-0.07946483790874481	0.008639379404485227
1607707778248	-0.4628613293170929	-0.12187634408473967	0.0028972465079277754
1607707778258	-0.5025501251220703	-0.16439256072044373	-0.004363323096185923
1607707778268	-0.5626592636108398	-0.21799162030220032	-0.02806489355862141
1607707778278	-0.6395758986473083	-0.2710147202014923	-0.05930628627538681
1607707778288	-0.7071201205253601	-0.31147146224975586	-0.08145451545715332
1607707778298	-0.7569493055343628	-0.3405137360095978	-0.0901637077331543
1607707778308	-0.7750134468078613	-0.3622779846191406	-0.09091419726610184
1607707778318	-0.7669500112533569	-0.3757344782352448	-0.08660323917865753
1607707778328	-0.7326368689537048	-0.3850021660327912	-0.0837932601571083
1607707778338	-0.6718295812606812	-0.3847578465938568	-0.08183848857879639
1607707778349	-0.599101722240448	-0.37978363037109375	-0.07869689911603928
1607707778358	-0.5296550393104553	-0.36824703216552734	-0.0630587488412857
1607707778368	-0.4715006947517395	-0.3484549820423126	-0.03850196301937103
1607707778378	-0.42737877368927	-0.324317067861557	-0.013665927574038506
1607707778388	-0.3803945183753967	-0.30206412076950073	0.004660028964281082
1607707778399	-0.34466761350631714	-0.2874382734298706	0.015498523600399494
1607707778410	-0.3237062096595764	-0.28152161836624146	0.01572541706264019
1607707778418	-0.30780625343322754	-0.2726378738880157	0.006161012221127749
1607707778428	-0.28679248690605164	-0.2572964429855347	-0.007243116386234759
1607707778438	-0.26516786217689514	-0.2369808107614517	-0.01895427517592907
1607707778448	-0.25509732961654663	-0.21846285462379456	-0.02200860157608986
1607707778459	-0.2587799727916717	-0.21469295024871826	-0.06033603101968765
1607707778470	-0.2794446647167206	-0.2267880886793137	-0.13030628859996796
1607707778483	-0.31239649653434753	-0.2397384196519852	-0.20090484619140625
1607707778488	-0.33431780338287354	-0.2316051870584488	-0.23776620626449585
1607707778498	-0.3388033211231232	-0.21717131137847898	-0.25298547744750977
1607707778508	-0.3266558349132538	-0.2058964967727661	-0.2620437443256378
1607707778518	-0.302465558052063	-0.18873991072177887	-0.26537731289863586
1607707778527	-0.2761634588241577	-0.16058774292469025	-0.2583087384700775
1607707778537	-0.2555860280990601	-0.11843804270029068	-0.242530956864357
1607707778548	-0.25249677896499634	-0.07094763219356537	-0.22738149762153625
1607707778558	-0.266145259141922	-0.01727875880897045	-0.2171887755393982
1607707778570	-0.2902831733226776	0.027227135375142097	-0.21408209204673767
1607707778577	-0.3037919998168945	0.06454227864742279	-0.21678733825683594
1607707778591	-0.2862165570259094	0.10056587308645247	-0.22506020963191986
1607707778599	-0.235619455575943	0.1316327303647995	-0.2431243658065796
1607707778608	-0.17413149774074554	0.1451590359210968	-0.2771233916282654
1607707778618	-0.11498229205608368	0.1495223492383957	-0.32049480080604553
1607707778628	-0.07079055160284042	0.156102254986763	-0.3573736250400543
1607707778638	-0.047979101538658135	0.17219418287277222	-0.373325914144516
1607707778649	0.003822271013632417	0.19713494181633	-0.3664493262767792
1607707778662	0.08332201838493347	0.22711969912052155	-0.35613444447517395
1607707778668	0.15933111310005188	0.2434559762477875	-0.3249453902244568
1607707778678	0.22193606197834012	0.2622706294059753	-0.3053627908229828
1607707778687	0.2724633514881134	0.27930504083633423	-0.2866528630256653
1607707778698	0.3212278485298157	0.2830400466918945	-0.2608918249607086
1607707778708	0.4030488729476929	0.3039490878582001	-0.24466025829315186
1607707778717	0.4893379509449005	0.3190985321998596	-0.21954496204853055
1607707778727	0.5686631798744202	0.3326248526573181	-0.19493582844734192
1607707778737	0.6348111629486084	0.3309667706489563	-0.176854208111763
1607707778747	0.681516170501709	0.3327295780181885	-0.14610150456428528
1607707778758	0.6991963386535645	0.3459067940711975	-0.08799950033426285
1607707778769	0.6971368789672852	0.3768689334392548	0.0018675023457035427
1607707778779	0.6783221960067749	0.4110599458217621	0.1025206372141838
1607707778787	0.6550918817520142	0.4353025555610657	0.1814444214105606
1607707778797	0.6307445168495178	0.4372922480106354	0.2163335531949997
1607707778807	0.612209141254425	0.41650536656379705	0.21067869663238525
1607707778818	0.6044249534606934	0.3873932659626007	0.1915149837732315
1607707778828	0.6090500950813293	0.3639709651470184	0.1757022887468338
1607707778838	0.6285803318023682	0.33688345551490784	0.1616000384092331
1607707778848	0.6656162142753601	0.3062529265880585	0.14966198801994324
1607707778857	0.7185520529747009	0.27410396933555603	0.14278538525104525
1607707778867	0.790511965751648	0.2431592643260956	0.14034192264080048
1607707778880	0.8740260004997253	0.2143613398075104	0.14252358675003052
1607707778899	0.0	0.0	0.0
1607707778922	-0.1890715211629868	0.01432915311306715	0.03977605327963829
1607707778928	0.0	0.0	0.0
1607707778937	-0.03522074595093727	-0.08735372871160507	-0.2491282969713211
1607707778947	-0.06257005035877228	-0.2920983135700226	-0.4133986830711365
1607707778957	-0.06063273921608925	-0.5302309989929199	-0.569710373878479
1607707778968	-0.018238689750432968	-0.696508526802063	-0.6798580884933472
1607707778981	0.011938052251935005	-0.794910192489624	-0.7454301118850708
1607707778987	0.019739674404263496	-0.8616690635681152	-0.7630404829978943
1607707778999	0.042219515889883034	-0.8894197940826416	-0.7383790016174316
1607707779008	0.07367035001516342	-0.8930151462554932	-0.6773447990417479
1607707779022	0.11472049355506896	-0.8843234181404114	-0.5906194448471069
1607707779028	0.17807593941688538	-0.8498008251190186	-0.4904375076293945
1607707779038	0.2396860718727112	-0.8234463334083557	-0.3942873179912567
1607707779047	0.29764845967292786	-0.7966206073760986	-0.3086963891983032
1607707779057	0.346779465675354	-0.7627786993980408	-0.2398955076932907
1607707779067	0.3875503540039063	-0.7308042645454407	-0.18158406019210813
1607707779077	0.4308345317840576	-0.6904696822166443	-0.12014846503734587
1607707779087	0.4671548306941986	-0.6506587266921997	-0.05553637817502022
1607707779097	0.4882558584213257	-0.6081774234771729	0.0065449848771095285
1607707779107	0.4974711835384369	-0.5647885203361511	0.06490879505872726
1607707779117	0.4937885403633118	-0.5220105051994324	0.12283626943826675
1607707779128	0.4851491749286652	-0.4695633947849274	0.17870426177978516
1607707779137	0.4728969633579254	-0.425214558839798	0.22980749607086184
1607707779148	0.4605225622653961	-0.3873932659626007	0.2747148275375366
1607707779162	0.44999822974205017	-0.3588745892047882	0.3117681741714477
1607707779168	0.4441339373588562	-0.3383320868015289	0.3394665420055389
1607707779178	0.442598044872284	-0.31785935163497925	0.3611958920955658
1607707779188	0.4385663270950317	-0.29859092831611633	0.3810577392578125
1607707779198	0.4265584647655487	-0.2844013869762421	0.40055304765701294
1607707779207	0.4083721339702606	-0.26946139335632324	0.4181285202503204
1607707779218	0.3855955898761749	-0.25621432065963745	0.4321784377098084
1607707779228	0.3619812726974487	-0.24467770755290985	0.43938663601875305
1607707779238	0.3430269956588745	-0.2393719106912613	0.4392819106578827
1607707779248	0.34201472997665405	-0.24329890310764316	0.4664916098117829
1607707779258	0.3523819744586945	-0.2516939342021942	0.5122541189193726
1607707779268	0.38407716155052185	-0.23720769584178925	0.5803219676017761
1607707779277	0.8471653461456299	0.005358160939067602	1.009585738182068
1607707779288	1.0698518753051758	0.16057029366493225	1.2797801494598389
1607707779298	0.9465094804763794	0.12580333650112152	1.234628438949585
1607707779307	0.8221373558044434	0.09663888067007063	1.1855498552322388
1607707779318	0.7437196969985962	0.08318239450454712	1.16579270362854
1607707779328	0.66811203956604	0.0550302304327488	1.1192446947097778
1607707779337	0.5736199021339417	-0.0026703537441790104	1.0303900241851809
1607707779347	0.477452278137207	-0.05735151842236519	0.9331228137016296
1607707779358	0.3930656015872955	-0.08560840040445328	0.8574104309082031
1607707779368	0.3175801038742065	-0.09693558514118196	0.8040557503700256
1607707779377	0.2576629519462585	-0.09808750450611116	0.7774569392204285
1607707779388	0.20381954312324524	-0.08644615858793259	0.7579267024993896
1607707779398	0.13261011242866516	-0.0495324432849884	0.7578568458557129
1607707779408	0.05056218802928925	0.014748032204806803	0.7721511125564575
1607707779423	-0.038327429443597794	0.08246680349111557	0.7890982627868652
1607707779430	-0.11400490999221803	0.12620475888252258	0.7831641435623169
1607707779437	-0.16840681433677673	0.1224173903465271	0.732654333114624
1607707779448	-0.22858576476573944	0.07243116199970245	0.6409547328948975
1607707779457	-0.30349528789520264	0.007958701811730862	0.5240700244903564
1607707779467	-0.3862762749195099	-0.06440264731645584	0.40264746546745295
1607707779478	-0.4640306830406189	-0.1293463557958603	0.2885552942752838
1607707779488	-0.5319065451622009	-0.17921040952205658	0.18933331966400144
1607707779497	-0.5959077477455139	-0.2186548411846161	0.10592403262853622
1607707779508	-0.6531720161437988	-0.2405587285757065	0.036931168287992484
1607707779519	-0.7105410099029541	-0.2607696354389191	-0.03380702808499336
1607707779528	-0.7641924023628235	-0.27831020951271057	-0.1097462996840477
1607707779537	-0.8099724054336548	-0.295571506023407	-0.186628058552742
1607707779548	-0.8387877941131592	-0.3084695041179657	-0.25706955790519714
1607707779558	-0.8457691073417664	-0.31930798292160034	-0.3138974606990814
1607707779568	-0.8426623940467834	-0.3258355259895325	-0.3606199324131012
1607707779578	-0.8562759757041931	-0.3257133364677429	-0.40941932797431946
1607707779588	-0.928829312324524	-0.3454181253910065	-0.5048539638519287
1607707779597	-1.332890510559082	-0.4654269516468048	-0.9039583802223206
1607707779607	-1.440961241722107	-0.5066516399383545	-1.0642669200897217
1607707779617	-1.344165325164795	-0.4656014740467072	-1.0055190324783323
1607707779628	-1.2792216539382937	-0.4340633749961853	-0.9721134901046752
1607707779637	-1.241836667060852	-0.4038866460323334	-0.9487260580062866
1607707779648	-1.221660614013672	-0.3735877275466919	-0.914447784423828
1607707779663	-1.234174728393555	-0.34515631198883057	-0.8913919925689697
1607707779669	-1.1808024644851685	-0.31175071001052856	-0.8275478482246399
1607707779679	-1.1427193880081177	-0.3025702834129333	-0.8009315729141235
1607707779691	-1.0874797105789185	-0.30059805512428284	-0.7884525060653687
1607707779700	-1.0109819173812866	-0.2981022298336029	-0.7757813930511475
1607707779708	-0.9990613460540771	-0.31609657406806946	-0.803689181804657
1607707779718	-0.9867393374443054	-0.3372150659561157	-0.8374089598655701
1607707779728	-1.0013477802276611	-0.3698178231716156	-0.8933467864990234
1607707779738	-1.026009202003479	-0.4006228744983673	-0.950279414653778
1607707779748	-1.0673037767410278	-0.4185299575328827	-0.9822538495063782
1607707779758	-1.1296294927597046	-0.4211479425430298	-0.971781849861145
1607707779770	-1.2034568786621094	-0.4128576219081879	-0.9196838140487672
1607707779778	-1.2576842308044434	-0.3931005001068115	-0.8413534164428711
1607707779788	-1.2745091915130615	-0.3726626932621002	-0.7491651177406311
1607707779798	-1.2616112232208252	-0.35499995946884155	-0.661148190498352
1607707779811	-1.2316614389419556	-0.34749504923820496	-0.5873382091522217
1607707779818	-1.1858813762664795	-0.34203216433525085	-0.5251172184944153
1607707779828	-1.125632643699646	-0.33658674359321594	-0.4496491849422455
1607707779838	-1.0525906085968018	-0.32995450496673584	-0.36561158299446106
1607707779847	-0.9752376079559326	-0.3237585723400116	-0.2823244631290436
1607707779858	-0.9041678309440612	-0.31791171431541443	-0.2130697965621948
1607707779868	-0.8503767848014832	-0.3228684663772583	-0.16346754133701324
1607707779883	-0.8166046738624573	-0.33021628856658936	-0.13098695874214172
1607707779893	-0.7993258833885193	-0.3384367823600769	-0.12061970680952072
1607707779898	-0.7818725705146791	-0.3477219343185425	-0.12685053050518036
1607707779914	-0.7481528520584106	-0.35613444447517395	-0.12983503937721252
1607707779918	-0.6986553072929382	-0.3647040128707886	-0.13631021976470947
1607707779928	-0.6445326209068298	-0.37746235728263855	-0.17526596784591675
1607707779940	-0.5908637642860413	-0.391843855381012	-0.23375195264816284
1607707779948	-0.5399874448776245	-0.4036597609519959	-0.28408724069595337
1607707779958	-0.4928984344005585	-0.4061555564403534	-0.3010692894458771
1607707779968	-0.4504520297050476	-0.39563122391700745	-0.2802998721599579
1607707779978	-0.4174129366874695	-0.3838502466678619	-0.23839452862739566
1607707779988	-0.3965213596820831	-0.3646865487098694	-0.19221310317516327
1607707779998	-0.3952298164367676	-0.3396759629249573	-0.15385077893733978
1607707780007	-0.42090359330177307	-0.3177022933959961	-0.136519655585289
1607707780018	-0.4656364023685455	-0.2915048897266388	-0.10229374468326567
1607707780028	-0.513807475566864	-0.26221826672554016	-0.043999750167131424
1607707780039	-0.5533741116523743	-0.23687608540058136	0.008744099177420141
1607707780048	-0.5705481171607971	-0.21293017268180847	0.03354522958397865
1607707780058	-0.5575454235076904	-0.19086921215057373	0.033457960933446884
1607707780068	-0.5293583869934082	-0.16830210387706754	0.03625048696994782
1607707780078	-0.5084493160247803	-0.14081315696239471	0.046931903809309006
1607707780088	-0.4958829581737518	-0.10896090418100356	0.060894537717103965
1607707780103	-0.4753055274486542	-0.06789331138134003	0.07590436935424805
1607707780108	-0.4413762986660004	-0.02637192420661449	0.07960446923971176
1607707780119	-0.3793996572494507	0.026232298463582996	0.07260569930076599
1607707780132	-0.300650417804718	0.07888887822628021	0.05235987901687622
1607707780152	-0.22430971264839167	0.11908381432294846	0.023195425048470497
1607707780152	-0.15859806537628174	0.15674802660942078	-0.007853982038795948
1607707780164	-0.10555751621723176	0.1979901492595673	-0.032183870673179626
1607707780172	-0.057700585573911674	0.2309768795967102	-0.04988151043653488
1607707780178	-0.00710349017754197	0.2548180818557739	-0.08206538110971451
1607707780188	0.04977678880095482	0.2715557813644409	-0.1264840066432953
1607707780198	0.11653563380241395	0.2855009436607361	-0.17245598137378693
1607707780208	0.18914133310317996	0.3000919222831726	-0.2038893550634384
1607707780218	0.24989624321460724	0.3090105354785919	-0.21247638761997226
1607707780228	0.2813645303249359	0.3188018500804901	-0.20177751779556274
1607707780238	0.2834938168525696	0.328977108001709	-0.1869422197341919
1607707780249	0.2719222903251648	0.3371627032756805	-0.17790141701698306
1607707780258	0.2624800801277161	0.3476521372795105	-0.1753881424665451
1607707780268	0.263300359249115	0.3603232204914093	-0.17585937678813934
1607707780278	0.2875255346298218	0.3710744380950928	-0.1731017529964447
1607707780288	0.3478964865207672	0.3803072571754456	-0.1638515144586563
1607707780299	0.4444480836391449	0.3914598822593689	-0.14933037757873535
1607707780308	0.5595525503158569	0.4014780819416046	-0.13109168410301208
1607707780318	0.6738192439079285	0.4049513041973114	-0.10878637433052064
1607707780328	0.7579615712165833	0.4003087282180786	-0.09093165397644044
1607707780337	0.7902851104736328	0.3934670388698578	-0.07342600077390671
1607707780348	0.778242290019989	0.3954392373561859	-0.01385791413486004
1607707780364	0.7434753775596619	0.4113042950630188	0.09210102260112762
1607707780371	0.7039960026741028	0.4283561706542969	0.2099805623292923
1607707780378	0.6605373024940491	0.4445179104804993	0.3146130442619324
1607707780389	0.6296624541282654	0.4484798014163971	0.354319304227829
1607707780398	0.6262415647506714	0.4431740045547485	0.3246312439441681
1607707780407	0.65802401304245	0.43622758984565735	0.2597573399543762
1607707780419	0.7237356901168823	0.4239055812358856	0.1890715211629868
1607707780428	0.8314573764801025	0.40739476680755615	0.10042624175548552
1607707780438	0.91111421585083	0.3872885704040527	0.01806415803730488
1607707780447	0.959739089012146	0.3747221827507019	-0.013980086892843245
1607707780459	0.96679025888443	0.3611609935760498	-0.032428216189146035
1607707780476	0.9402612447738647	0.3431142866611481	-0.0598996989428997
1607707780477	0.8967501521110535	0.32993704080581665	-0.06789331138134003
1607707780488	0.8548448085784912	0.32391566038131714	-0.05089380219578743
1607707780498	0.8181928992271423	0.3196570575237274	-0.015550883486866953
1607707780508	0.790826141834259	0.3216641843318939	0.02837905287742615
1607707780518	0.7684859037399292	0.32421237230300903	0.07176794111728667
1607707780528	0.7473849058151245	0.3235142230987549	0.1077217236161232
1607707780538	0.7285353541374207	0.3203202784061432	0.13032373785972595
1607707780547	0.7285353541374207	0.3203202784061432	0.13032373785972595
1607707780568	0.7138047814369202	0.3174753785133362	0.16057029366493225
1607707780586	0.0	0.0	0.0
1607707780611	-0.058573249727487564	-0.0544368177652359	-0.026145031675696373
1607707780626	-0.027785642072558403	-0.07482226192951202	-0.006789330858737229
1607707780646	0.030508354306221012	-0.057054813951253884	0.08939576148986816
1607707780666	0.26431265473365784	0.052726395428180695	0.4805589616298676
1607707780686	0.4272566139698029	0.1301666498184204	0.725149393081665
1607707780706	0.5422738194465637	0.17442820966243744	0.8495215773582458
1607707780726	0.5291140079498291	0.16976816952228546	0.8276002407073975
1607707780747	0.5136504173278809	0.17041394114494324	0.8240397572517395
1607707780766	0.4867025017738342	0.16399113833904266	0.796655535697937
1607707780786	0.4779758751392365	0.16526523232460022	0.7941247820854187
1607707780812	0.4646590054035187	0.17144368588924408	0.7823961973190308
1607707780827	0.49597021937370295	0.1872040182352066	0.824371337890625
1607707780847	0.6477440595626831	0.24130922555923465	1.0156594514846802
1607707780867	0.5749987363815308	0.17964674532413485	0.8524013757705688
1607707780886	0.5279795527458191	0.13915510475635529	0.7526208758354187
1607707780906	0.47343802452087397	0.10852457582950592	0.659088671207428
1607707780926	0.4092448055744171	0.08091346174478531	0.5638635158538818
1607707780946	0.3263241946697235	0.05831145122647285	0.4696506559848786
1607707780966	0.2419549971818924	0.0409105159342289	0.3811101019382477
1607707780986	0.16345007717609406	0.025795966386795044	0.2937738299369812
1607707781006	0.09192649275064467	0.01607448235154152	0.21874211728572845
1607707781026	0.032812189310789115	0.016214108094573017	0.16975072026252747
1607707781045	-0.038240164518356316	0.025813419371843338	0.1221555918455124
1607707781065	-0.11472049355506896	0.04124213010072708	0.08112290501594542
1607707781085	-0.18366099894046786	0.0553094856441021	0.04398229718208313
1607707781106	-0.2304881811141968	0.06131341680884361	0.009407324716448784
1607707781125	-0.2599842548370361	0.061330869793891914	-0.02701769582927227
1607707781146	-0.27900832891464233	0.053965579718351364	-0.06581636518239975
1607707781166	-0.30716049671173096	0.044523350894451134	-0.10875146836042404
1607707781185	-0.3178244531154633	0.03326597437262535	-0.1402546614408493
1607707781206	-0.3245439827442169	0.023841196671128276	-0.16048301756381989
1607707781225	-0.3261671364307404	0.019809486344456676	-0.149208202958107
1607707781245	-0.3274237811565399	0.020298179239034653	-0.1238660141825676
1607707781265	-0.3347541391849518	0.02251474745571613	-0.09946631640195848
1607707781285	-0.3453657627105713	0.0200189258903265	-0.08655087649822235
1607707781306	-0.366327166557312	0.013962633907794952	-0.09119345247745514
1607707781325	-0.3747221827507019	0.005235987715423107	-0.09609782695770264
1607707781348	-0.3984586596488953	-0.001117010717280209	-0.10588912665843964
1607707781367	-0.4237659275531769	-0.0063529983162879935	-0.12023573368787766
1607707781386	-0.4392993748188019	-0.012793263420462608	-0.13515830039978027
1607707781416	-0.45748570561409	-0.021851522848010063	-0.1454382836818695
1607707781426	-0.4825660884380341	-0.031956978142261505	-0.15748105943202972
1607707781447	-0.5235463976860046	-0.04906120523810387	-0.19100883603096008
1607707781465	-0.5542991161346436	-0.07387978583574295	-0.25047218799591064
1607707781485	-0.6051405668258667	-0.10122909396886826	-0.33803537487983704
1607707781505	-0.6359979510307312	-0.12311552464962006	-0.36597809195518494
1607707781525	-0.66697758436203	-0.13571679592132568	-0.3631855547428131
1607707781546	-0.7006449699401855	-0.14645057916641235	-0.3562391400337219
1607707781566	-0.7104188203811646	-0.1584584414958954	-0.3430968225002289
1607707781590	-0.7048686742782593	-0.17352063953876495	-0.332991361618042
1607707781606	-0.6817081570625305	-0.17823302745819092	-0.31466540694236755
1607707781629	-0.6813939809799194	-0.17708110809326172	-0.29311057925224304
1607707781646	-0.7078182697296143	-0.17729054391384125	-0.27488934993743896
1607707781665	-0.7113263607025146	-0.1794372946023941	-0.2507688999176025
1607707781685	-0.7063696384429932	-0.18540632724761966	-0.22912682592868805
1607707781705	-0.6966656446456909	-0.19109609723091125	-0.2099631130695343
1607707781725	-0.6903824210166931	-0.20064304769039154	-0.19716984033584595
1607707781745	-0.6458241939544678	-0.20806069672107694	-0.1843591332435608
1607707781765	-0.5779134035110474	-0.21966713666915894	-0.1777268797159195
1607707781787	-0.5142263770103455	-0.23689353466033936	-0.19050268828868866
1607707781805	-0.4476245939731598	-0.2468070089817047	-0.19514526426792145
1607707781825	-0.3936764597892761	-0.25478315353393555	-0.1976061761379242
1607707781847	-0.3510904312133789	-0.2560048997402191	-0.19664624333381653
1607707781865	-0.3124837577342987	-0.25860542058944697	-0.1938886195421219
1607707781885	-0.2524269819259644	-0.2575756907463074	-0.18168877065181727
1607707781905	-0.20498892664909366	-0.2515019476413727	-0.16660912334918976
1607707781925	-0.19689059257507324	-0.24143140017986295	-0.1537984162569046
1607707781949	-0.19743163883686066	-0.2258979678153992	-0.13901548087596893
1607707781965	-0.18701203167438507	-0.20896826684474945	-0.12768828868865967
1607707781985	-0.17805849015712738	-0.18996164202690125	-0.12582078576087952
1607707782018	-0.17270033061504364	-0.16406095027923584	-0.13318607211112976
1607707782025	-0.16404350101947784	-0.13608331978321075	-0.1457698941230774
1607707782047	-0.14638076722621918	-0.1132020577788353	-0.15536920726299286
1607707782065	-0.11777481436729433	-0.09810495376586914	-0.1497841626405716
1607707782087	-0.0932878479361534	-0.08709193021059036	-0.13357004523277285
1607707782105	-0.07670722156763078	-0.07080800831317903	-0.11091567575931548
1607707782125	-0.07215191423892975	-0.05548401549458504	-0.09611528366804124
1607707782145	-0.05550146847963333	-0.039968039840459824	-0.08738863468170166
1607707782165	-0.02848377265036106	-0.02661627158522606	-0.0809483677148819
1607707782185	0.009808750823140144	-0.015515976585447788	-0.08091346174478531
1607707782205	0.05230751633644104	-0.00799360778182745	-0.08417722582817078
1607707782225	0.09487609565258026	-0.003682644804939628	-0.09724974632263184
1607707782245	0.139399453997612	-0.005707226693630218	-0.11599458009004593
1607707782267	0.20603612065315247	-0.012374384328722956	-0.14104005694389346
1607707782287	0.2780134975910187	-0.02085668407380581	-0.15481069684028625
1607707782307	0.3284360468387604	-0.027209682390093803	-0.1512153297662735
1607707782325	0.3663097023963928	-0.030665434896945957	-0.12952087819576266
1607707782345	0.3939033448696137	-0.03174753859639168	-0.09379399567842484
1607707782365	0.4307821691036224	-0.031956978142261505	-0.044715333729982376
1607707782385	0.4431914687156677	-0.02654645778238773	0.06239552050828934
1607707782406	0.4557229280471802	-0.02122320421040058	0.17179276049137115
1607707782425	0.43271946907043457	-0.02422516979277134	0.2151641845703125
1607707782447	0.4013559222221375	-0.0342782661318779	0.2428276538848877
1607707782465	0.37028905749320973	-0.04642575979232788	0.27780404686927795
1607707782485	0.3281219005584717	-0.06363470107316971	0.3007551431655884
1607707782505	0.2888519763946533	-0.08822639286518097	0.31119221448898315
1607707782525	0.2486745119094849	-0.11568041890859605	0.2862514555454254
1607707782546	0.2051110863685608	-0.14672982692718506	0.24260076880455014
1607707782565	0.16716763377189636	-0.1714087873697281	0.2010095715522766
1607707782585	0.15598008036613464	-0.19333012402057648	0.1867153197526932
1607707782605	0.15995942056179047	-0.2267008125782013	0.16249015927314758
1607707782625	0.12952087819576266	-0.24904103577136996	0.13875368237495422
1607707782645	0.1037249192595482	-0.28356364369392395	0.10238101333379744
1607707782666	0.07958701252937317	-0.31237903237342834	0.05002113804221153
1607707782685	0.05424483120441437	-0.34374260902404785	-0.0028623400721699
1607707782707	0.016999507322907448	-0.3735353648662567	-0.05248204991221428
1607707782727	-0.02790781483054161	-0.39474111795425415	-0.09192649275064467
1607707782745	-0.10728538781404497	-0.4213748276233673	-0.11786208301782608
1607707782765	-0.1693492978811264	-0.4333128929138184	-0.11559315770864488
1607707782785	-0.23197171092033386	-0.4599466025829315	-0.10447540879249573
1607707782805	-0.2742261290550232	-0.4769635796546936	-0.09136798232793808
1607707782825	-0.2782578468322754	-0.5103517174720764	-0.08403760194778442
1607707782845	-0.2954842448234558	-0.5404935479164124	-0.08134979754686356
1607707782865	-0.340984970331192	-0.5457993745803833	-0.07353071868419647
1607707782885	-0.4206592440605164	-0.5745798349380493	-0.06640977412462233
1607707782905	-0.4616570472717285	-0.5787860751152039	-0.05775294452905655
1607707782925	-0.4928809702396393	-0.6129246950149536	-0.05677555873990059
1607707782945	-0.5088507533073425	-0.6420193910598755	-0.05785766616463661
1607707782965	-0.5414186120033264	-0.6708696484565735	-0.0622209869325161
1607707782985	-0.6014753580093384	-0.7029138803482056	-0.07478735595941544
1607707783005	-0.6283359527587891	-0.7119023203849792	-0.09414306282997133
1607707783025	-0.655685305595398	-0.7586597204208374	-0.2265262901782989
1607707783045	-0.6390174031257629	-0.7677004933357239	-0.3200235664844513
1607707783065	-0.6502572894096375	-0.7976678013801575	-0.3591713011264801
1607707783085	-0.6526135206222534	-0.8142135739326477	-0.3896796703338623
1607707783105	-0.6430141925811768	-0.8222594857215881	-0.4079706966876984
1607707783125	-0.6304478049278259	-0.8411788940429688	-0.4191233515739441
1607707783145	-0.5787162780761719	-0.8203920125961304	-0.4091575443744659
1607707783165	-0.5555906295776367	-0.8361697793006897	-0.41435861587524414
1607707783185	-0.5098281502723694	-0.8125903606414795	-0.3849498331546784
1607707783205	-0.4967730641365051	-0.8172678947448729	-0.3930830657482147
1607707783225	-0.4940328896045685	-0.8187863230705261	-0.4160864949226379
1607707783245	-0.5049062967300415	-0.8046491146087646	-0.3777241408824921
1607707783267	-0.5239652991294861	-0.8116130232810974	-0.32738885283470154
1607707783287	-0.5249252319335938	-0.7973536849021912	-0.1832770258188248
1607707783305	-0.5109800696372986	-0.8063769936561584	-0.11658799648284912
1607707783325	-0.4670152068138122	-0.7946833372116089	-0.10407398641109468
1607707783345	-0.4247607886791229	-0.7964460849761963	-0.08962265402078629
1607707783365	-0.3810926377773285	-0.7899011373519897	-0.08415977656841278
1607707783385	-0.2469117343425751	-0.7625343203544617	-0.08105309307575226
1607707783406	-0.15156438946723938	-0.7504392266273499	-0.08937831223011017
1607707783426	-0.08536405116319656	-0.7125306725502014	-0.09695304185152054
1607707783445	-0.05000368133187294	-0.6978000998497009	-0.1048244759440422
1607707783466	-0.05218534544110298	-0.6656162142753601	-0.10662216693162918
1607707783486	-0.052586771547794335	-0.6402041912078857	-0.10623819380998613
1607707783505	-0.0426209419965744	-0.6336941719055176	-0.10402162373065947
1607707783525	-0.026232298463582996	-0.605000913143158	-0.09712757170200348
1607707783545	-0.016912240535020828	-0.5921552777290344	-0.08983209729194641
1607707783565	-0.012548916973173618	-0.5637239217758179	-0.07665485888719559
1607707783585	0.0048520155251026145	-0.5452234148979187	-0.06801547855138779
1607707783605	0.050876349210739136	-0.5157971382141113	-0.06544984877109528
1607707783625	0.12084659934043886	-0.499338686466217	-0.06145304441452025
1607707783645	0.18713420629501346	-0.4993561506271362	-0.042673300951719284
1607707783665	0.21017254889011386	-0.4825486242771149	-0.010821041651070118
1607707783685	0.21652553975582126	-0.4764050841331482	0.02000147290527821
1607707783705	0.21879447996616366	-0.4620410203933716	0.03522074595093727
1607707783725	0.229824960231781	-0.4530351161956787	0.03738495334982872
1607707783745	0.2359510660171509	-0.4496666193008423	0.03740240633487701
1607707783766	0.24586452543735504	-0.4534190893173218	0.04656538367271423
1607707783785	0.2577327787876129	-0.474537581205368	0.06948155909776688
1607707783806	0.26256734132766724	-0.4780631363391876	0.09965830296278
1607707783825	0.28042206168174744	-0.497820258140564	0.12770573794841766
1607707783845	0.2992366850376129	-0.5159716606140137	0.14610150456428528
1607707783869	0.31703904271125793	-0.5280668139457703	0.15042993426322934
1607707783885	0.3260798752307892	-0.5364094972610474	0.14175564050674438
1607707783905	0.3356617093086243	-0.5687329769134521	0.1330464482307434
1607707783925	0.3444407284259796	-0.6063448190689087	0.13184216618537906
1607707783945	0.3783001005649567	-0.6364343166351318	0.1948136538267136
1607707783965	0.4943994283676148	-0.680451512336731	0.3241076469421387
1607707783985	0.4682718217372894	-0.6974859237670898	0.3314729332923889
1607707784005	0.4330685436725617	-0.7105933427810669	0.3219783306121826
1607707784025	0.40015164017677307	-0.7119372487068176	0.3277030289173126
1607707784046	0.3574957847595215	-0.7179586291313171	0.3627143204212189
1607707851015	0.3130073547363281	-0.7252541184425354	0.43041566014289856
1607707851018	0.26202628016471863	-0.7210304141044617	0.4987976551055908
1607707851020	0.2134014070034027	-0.7193723320960999	0.5364792943000793
1607707851022	0.17732545733451846	-0.7297221422195435	0.5456597208976746
1607707851024	0.1517738252878189	-0.7206289768218994	0.512062132358551
1607707851027	-0.02005383372306824	-0.002391101093962789	-0.13906782865524292
1607707851029	0.03241076320409775	0.016214108094573017	-0.13646729290485382
1607707851031	0.08470083028078079	0.030037116259336468	-0.12255702167749405
1607707851034	0.11929325759410858	0.04352851212024689	-0.12278391420841216
1607707851039	0.1420174390077591	0.06457718461751938	-0.13920746743679047
1607707851042	0.1693318486213684	0.1019621342420578	-0.1609891653060913
1607707851045	0.22099359333515167	0.15920893847942352	-0.1890366077423096
1607707851047	0.2843839526176453	0.21727603673934934	-0.21202260255813601
1607707851049	0.3283662497997284	0.2476796805858612	-0.2084795832633972
1607707851050	0.3505144715309143	0.2547133564949036	-0.18270106613636014
1607707851052	0.3652101457118988	0.25101324915885925	-0.14474014937877655
1607707851053	0.39355430006980896	0.2511528730392456	-0.10356783866882324
1607707851056	0.436768651008606	0.25511476397514343	-0.054890606552362435
1607707851058	0.4659156501293182	0.2495820820331573	-0.003333578817546368
1607707851060	0.5059534907341003	0.25183355808258057	0.04115486517548561
1607707851065	0.5557128190994263	0.25684264302253723	0.08944812417030333
1607707851069	0.7223045229911804	0.3247185051441193	0.16112878918647766
1607707851073	0.881338894367218	0.40830233693122864	0.18167132139205933
1607707851078	0.8286474347114563	0.37027159333229065	0.18826866149902344
1607707851080	0.7332826256752014	0.29541441798210144	0.24898867309093475
1607707851083	0.6339210271835327	0.2217615395784378	0.3205471634864807
1607707851089	0.5687504410743713	0.16788321733474731	0.3970798552036285
1607707851092	0.4984136819839478	0.12840387225151062	0.4332779943943024
1607707851095	0.4456349015235901	0.11534880846738815	0.4222474992275238
1607707851097	0.4157897830009461	0.12896238267421722	0.3519631028175354
1607707851099	0.3825936317443848	0.13847441971302032	0.2836683690547943
1607707851102	0.3625223338603973	0.14758503437042236	0.24031437933444974
1607707851103	0.3501828610897064	0.15484561026096344	0.20233601331710813
1607707851106	0.35435420274734497	0.16402603685855865	0.17894861102104187
1607707851111	0.3439171314239502	0.17095500230789185	0.1480039209127426
1607707851115	0.3179291784763336	0.18189822137355804	0.10344566404819487
1607707851120	0.2899864614009857	0.19922932982444766	0.06438519805669785
1607707851130	0.2603332996368408	0.2168920636177063	0.043179444968700416
1607707851132	0.2365444749593735	0.23912756145000455	0.03467969223856926
1607707851140	0.2203478217124939	0.2612932324409485	0.030700340867042538
1607707851141	0.18727383017539975	0.28593727946281433	0.034784410148859024
1607707851146	0.12063715606927873	0.28036969900131226	0.04420918971300125
1607707851150	0.05146975815296173	0.26450464129447937	0.04466297477483749
1607707851155	-0.011763518676161766	0.25593507289886475	0.07253587990999223
1607707851162	-0.06810274720191956	0.23111650347709656	0.0993615910410881
1607707851165	-0.1316152811050415	0.20923006534576416	0.1247212290763855
